<?xml version="1.0" encoding="UTF-8"?>
<?xml-stylesheet type="text/xsl" href="configuration.xsl"?>
<!--
Licensed under the Apache License, Version 2.0 (the "License");
you may not use this file except in compliance with the License.
You may obtain a copy of the License at

http://www.apache.org/licenses/LICENSE-2.0

Unless required by applicable law or agreed to in writing, software
distributed under the License is distributed on an "AS IS" BASIS,
WITHOUT WARRANTIES OR CONDITIONS OF ANY KIND, either express or implied.
See the License for the specific language governing permissions and
limitations under the License. See accompanying LICENSE file.
-->

<!-- Put site-specific property overrides in this file. -->

<configuration>
	<property> 

		<name>fs.defaultFS</name>

		<value>hdfs://quochuy-master:9000</value>

		<description>Use HDFS as file storage engine</description>

	</property>
	<property>
  		<name>hadoop.proxyuser.hadoopquochuy.hosts</name>
		<value>*</value>
	</property>
	<property>
  		<name>hadoop.proxyuser.hadoopquochuy.groups</name>
  		<value>*</value>
	</property>

</configuration>
